{
    "Beirut": 0.367489800792408,
    "Byblos": 0.4907303478661036
}