{
    "Beirut": 0.3570202886377064,
    "Byblos": 0.38654476328407017
}