{
    "Beirut": 0.4735876757479333,
    "Byblos": 0.3768536391269158
}